﻿<?xml version="1.0" encoding="utf-8"?>
<manifest identifier="_6Dlb2uloB9R" version="1.0" xmlns="http://www.imsproject.org/xsd/imscp_rootv1p1p2" xmlns:adlcp="http://www.adlnet.org/xsd/adlcp_rootv1p2" xmlns:xsi="http://www.w3.org/2001/XMLSchema-instance" xsi:schemaLocation="http://www.imsproject.org/xsd/imscp_rootv1p1p2 imscp_rootv1p1p2.xsd http://www.imsglobal.org/xsd/imsmd_rootv1p2p1 imsmd_rootv1p2p1.xsd http://www.adlnet.org/xsd/adlcp_rootv1p2 adlcp_rootv1p2.xsd">
  <metadata>
    <schema>ADL SCORM</schema>
    <schemaversion>1.2</schemaversion>
    <lom xmlns="http://www.imsglobal.org/xsd/imsmd_rootv1p2p1" xmlns:xsi="http://www.w3.org/2001/XMLSchema-instance" xsi:schemaLocation="http://www.imsglobal.org/xsd/imsmd_rootv1p2p1 imsmd_rootv1p2p1.xsd">
      <general>
        <title>
          <langstring xml:lang="x-none">Life Cycle of a Butterfly</langstring>
        </title>
      </general>
      <lifecycle>
        <version>
          <langstring xml:lang="x-none">1</langstring>
        </version>
        <status>
          <source>
            <langstring xml:lang="x-none">LOMv1.0</langstring>
          </source>
          <value>
            <langstring xml:lang="x-none">Final</langstring>
          </value>
        </status>
      </lifecycle>
      <metametadata>
        <metadatascheme>ADL SCORM 1.2</metadatascheme>
      </metametadata>
      <educational>
        <typicallearningtime>
          <datetime>PT0H0M0S</datetime>
        </typicallearningtime>
      </educational>
      <rights>
        <cost>
          <source>
            <langstring xml:lang="x-none">LOMv1.0</langstring>
          </source>
          <value>
            <langstring xml:lang="x-none">yes</langstring>
          </value>
        </cost>
        <copyrightandotherrestrictions>
          <source>
            <langstring xml:lang="x-none">LOMv1.0</langstring>
          </source>
          <value>
            <langstring xml:lang="x-none">yes</langstring>
          </value>
        </copyrightandotherrestrictions>
      </rights>
    </lom>
  </metadata>
  <organizations default="Life_Cycle_of_a_Butterfly_ORG">
    <organization identifier="Life_Cycle_of_a_Butterfly_ORG">
      <title>Life Cycle of a Butterfly</title>
      <item identifier="Life_Cycle_of_a_Butterfly_SCO" isvisible="true" identifierref="__6Dlb2uloB9R_RES">
        <title>Life Cycle of a Butterfly</title>
      </item>
    </organization>
  </organizations>
  <resources>
    <resource identifier="__6Dlb2uloB9R_RES" type="webcontent" href="index_lms.html" adlcp:scormtype="sco">
      <file href="story_content/thumbnail.jpg" />
      <file href="story_content/5m5nbMM8m9B_44100_48_0.mp3" />
      <file href="story_content/video_5Ygb3PEnwW6_22_48_750x422.mp4" />
      <file href="mobile/poster_5iljkK3tNbm_video_5Ygb3PEnwW6_22_48_750x422.jpg" />
      <file href="mobile/5WxlnosP8Vb.png" />
      <file href="story_content/video_6gMK5PKCx1W_22_48_614x418.mp4" />
      <file href="mobile/poster_5fNC09WO103_video_6gMK5PKCx1W_22_48_614x418.jpg" />
      <file href="story_content/5giTNuCa8DO_44100_48_0.mp3" />
      <file href="story_content/6EqBCAClbo9_captions.js" />
      <file href="story_content/video_6pGCBaW5SnH_22_48_658x402.mp4" />
      <file href="mobile/poster_67vWfOQLc0x_video_6pGCBaW5SnH_22_48_658x402.jpg" />
      <file href="story_content/5xeiMpBCcyC_44100_48_0.mp3" />
      <file href="story_content/video_5zNTBiCwdru_22_48_722x406.mp4" />
      <file href="mobile/poster_6I7zrp9k2GY_video_5zNTBiCwdru_22_48_722x406.jpg" />
      <file href="story_content/6kk6exMHDBm_44100_48_0.mp3" />
      <file href="story_content/video_6jqk4WbGgg7_22_48_724x408.mp4" />
      <file href="mobile/poster_5XBKLMgcMtS_video_6jqk4WbGgg7_22_48_724x408.jpg" />
      <file href="story_content/5h6ISU2Mrwa_44100_48_0.mp3" />
      <file href="story_content/6BIa6WUn9qQ_captions.js" />
      <file href="mobile/5jUikCXmnEV.png" />
      <file href="story_content/6iQzkXJjM71_44100_48_0.mp3" />
      <file href="story_content/5yKYALibH34_captions.js" />
      <file href="story_content/5ZEbTsRZEwU_44100_48_0.mp3" />
      <file href="meta.xml" />
      <file href="story_content/user.js" />
      <file href="html5/data/css/output.min.css" />
      <file href="html5/data/js/5oCpnDb3oZW.js" />
      <file href="html5/data/js/5ZFPEKyIjnF.js" />
      <file href="html5/data/js/6mT8XN1SWR6.js" />
      <file href="html5/data/js/6pUiSpDVaFc.js" />
      <file href="html5/data/js/6RTF4Zf3CfK.js" />
      <file href="html5/data/js/6ZwueaDIveg.js" />
      <file href="html5/data/js/data.js" />
      <file href="html5/data/js/frame.js" />
      <file href="html5/data/js/paths.js" />
      <file href="html5/lib/hls/hls.min.js" />
      <file href="html5/lib/scripts/bootstrapper.min.js" />
      <file href="html5/lib/scripts/frame.desktop.min.js" />
      <file href="html5/lib/scripts/frame.mobile.min.js" />
      <file href="html5/lib/scripts/slides.min.js" />
      <file href="html5/lib/stylesheets/desktop.min.css" />
      <file href="html5/lib/stylesheets/mobile.min.css" />
      <file href="html5/lib/stylesheets/mobile-fonts/open-sans-bold.woff" />
      <file href="html5/lib/stylesheets/mobile-fonts/open-sans-light.woff" />
      <file href="html5/lib/stylesheets/mobile-fonts/open-sans-regular.woff" />
      <file href="analytics-frame.html" />
      <file href="story.html" />
      <file href="index_lms.html" />
      <file href="lms/AICCComm.html" />
      <file href="lms/blank.html" />
      <file href="lms/browsersniff.js" />
      <file href="lms/goodbye.html" />
      <file href="lms/scormdriver.js" />
    </resource>
  </resources>
</manifest>